Concept,Name + POS,feat_name,feat_value,weight
bed,('bed' 'N'),RelatedTo,sleeping,14.61204982197912
bed,('bed' 'N'),RelatedTo,sleep,12.53730433546223
bed,('bed' 'N'),RelatedTo,furniture,10.91311138035345
bed,('bed' 'N'),UsedFor,have_sex,9.38083151964686
bed,('bed' 'N'),RelatedTo,mattress,8.723989912878165
bed,('bed' 'N'),RelatedTo,place,8.361817984146748
bed,('bed' 'N'),RelatedTo,pillows,6.052437525493344
bed,('bed' 'N'),RelatedTo,sleeping_place,5.360596981680306
bed,('bed' 'N'),RelatedTo,sheets,5.276362383309168
bed,('bed' 'N'),RelatedTo,sleeping_furniture,5.270294109440193
bed,('bed' 'N'),RelatedTo,cot,4.915689168366934
bed,('bed' 'N'),RelatedTo,pillow,4.593909010853394
bed,('bed' 'N'),IsA,place,4.47213595499958
bed,('bed' 'N'),UsedFor,resting_on,4.47213595499958
bed,('bed' 'N'),AtLocation,house,4.0
bed,('bed' 'N'),UsedFor,making_love,3.4641016151377544
bed,('bed' 'N'),AtLocation,room,3.4641016151377544
bed,('bed' 'N'),IsA,furniture,2.82842712474619
bed,('bed' 'N'),UsedFor,lie_down,2.82842712474619
bed,('bed' 'N'),UsedFor,fucking_in,2.82842712474619
bed,('bed' 'N'),AtLocation,rest_area,2.82842712474619
bed,('bed' 'N'),AtLocation,neighbor's_house,2.82842712474619
bed,('bed' 'N'),AtLocation,hospital,2.82842712474619
bed,('bed' 'N'),HasProperty,flat,2.82842712474619
bed,('bed' 'N'),IsA,stratum,2.0
bed,('bed' 'N'),IsA,good_place_to_lie,2.0
bed,('bed' 'N'),IsA,natural_depression,2.0
bed,('bed' 'N'),IsA,surface,2.0
bed,('bed' 'N'),IsA,foundation,2.0
bed,('bed' 'N'),IsA,plot,2.0
bed,('bed' 'N'),IsA,bedroom_furniture,2.0
bed,('bed' 'N'),PartOf,press,2.0
bed,('bed' 'N'),PartOf,bedroom,2.0
bed,('bed' 'N'),UsedFor,resting,2.0
bed,('bed' 'N'),UsedFor,reading_in,2.0
bed,('bed' 'N'),UsedFor,lying_down,2.0
bed,('bed' 'N'),UsedFor,having_sex_in,2.0
bed,('bed' 'N'),UsedFor,laying_down,2.0
bed,('bed' 'N'),UsedFor,sit_on,2.0
bed,('bed' 'N'),AtLocation,apartment,2.0
bed,('bed' 'N'),AtLocation,loft,2.0
bed,('bed' 'N'),MannerOf,supply,2.0
bed,('bed' 'N'),MannerOf,put,2.0
bed,('bed' 'N'),MannerOf,plant,2.0
bed,('bed' 'N'),ReceivesAction,found_in_hotel,2.0
bed,('bed' 'N'),IsA,usually_to_lie_on_and_sleep,1.0
bed,('bed' 'N'),IsA,furniture,1.0
bed,('bed' 'N'),PartOf,household_posessions,1.0
bed,('bed' 'N'),HasA,mattress,1.0
bed,('bed' 'N'),CapableOf,rest_person,1.0
bed,('bed' 'N'),CapableOf,provide_comfort,1.0
bed,('bed' 'N'),AtLocation,basement,1.0
bed,('bed' 'N'),AtLocation,homewares_department,1.0
bed,('bed' 'N'),AtLocation,relatives_house,1.0
bed,('bed' 'N'),AtLocation,hotel_room,1.0
bed,('bed' 'N'),MadeOf,straw,1.0
bed,('bed' 'N'),ReceivesAction,found_in_monestary,1.0
bed,('bed' 'N'),ReceivesAction,found_in_bedroom,1.0
bed,('bed' 'N'),ReceivesAction,found_in_convent,1.0
bed,('bed' 'N'),ReceivesAction,found_in_hospital,1.0
bed,('bed' 'N'),ReceivesAction,made_from_wood,1.0
bed,('bed' 'N'),ReceivesAction,found_in_motel,1.0
bed,('bed' 'N'),ReceivesAction,found_in_hospice,1.0
bed,('bed' 'N'),ReceivesAction,found_in_house,1.0
creator,('creator' 'N'),RelatedTo,god,2.0
creator,('creator' 'N'),RelatedTo,create,2.0
creator,('creator' 'N'),RelatedTo,creation,2.0
creator,('creator' 'N'),IsA,person,2.0
creator,('creator' 'N'),RelatedTo,creative,1.0
creator,('creator' 'N'),RelatedTo,deity,1.0
creator,('creator' 'N'),RelatedTo,universe,1.0
creator,('creator' 'N'),RelatedTo,creatrix,1.0
creator,('creator' 'N'),RelatedTo,recreate,1.0
creator,('creator' 'N'),RelatedTo,recreation,1.0
creator,('creator' 'N'),IsA,person,1.0
creator,('creator' 'N'),IsA,person,1.0
creator,('creator' 'N'),CapableOf,name_invention,1.0
cow,('cow' 'N'),RelatedTo,animal,8.613942186943213
cow,('cow' 'N'),RelatedTo,milk,7.38430768589717
cow,('cow' 'N'),RelatedTo,moo,5.06951674225463
cow,('cow' 'N'),AtLocation,countryside,4.898979485566356
cow,('cow' 'N'),RelatedTo,bovine,4.725674555023865
cow,('cow' 'N'),RelatedTo,farm,4.165573189850347
cow,('cow' 'N'),AtLocation,stable,3.4641016151377544
cow,('cow' 'N'),RelatedTo,farm_animal,3.2267630839589074
cow,('cow' 'N'),RelatedTo,beef,3.118974190338869
cow,('cow' 'N'),RelatedTo,bull,2.9243802762294777
cow,('cow' 'N'),AtLocation,slaughter_house,2.82842712474619
cow,('cow' 'N'),AtLocation,hamburger,2.82842712474619
cow,('cow' 'N'),RelatedTo,milk_animal,2.5604687070925127
cow,('cow' 'N'),RelatedTo,udders,2.2636254107073466
cow,('cow' 'N'),RelatedTo,udder,2.1438283513378584
cow,('cow' 'N'),IsA,cattle,2.0
cow,('cow' 'N'),IsA,unpleasant_woman,2.0
cow,('cow' 'N'),IsA,placental,2.0
cow,('cow' 'N'),CapableOf,jump_over_moon,2.0
cow,('cow' 'N'),CapableOf,produce_methane_gas,2.0
cow,('cow' 'N'),AtLocation,dairy_farm,2.0
cow,('cow' 'N'),AtLocation,ranch,2.0
cow,('cow' 'N'),AtLocation,paddock,2.0
cow,('cow' 'N'),AtLocation,butcher_shop,2.0
cow,('cow' 'N'),AtLocation,milking_barn,2.0
cow,('cow' 'N'),AtLocation,milking_stall,2.0
cow,('cow' 'N'),AtLocation,farmyard,2.0
cow,('cow' 'N'),IsA,ruminant,1.0
cow,('cow' 'N'),IsA,female_animal,1.0
cow,('cow' 'N'),IsA,hoofed_mammal,1.0
cow,('cow' 'N'),IsA,adult,1.0
cow,('cow' 'N'),IsA,living_creature,1.0
cow,('cow' 'N'),IsA,herd_animal,1.0
cow,('cow' 'N'),IsA,herd_animal,1.0
cow,('cow' 'N'),IsA,female_steer,1.0
cow,('cow' 'N'),PartOf,heard,1.0
cow,('cow' 'N'),PartOf,cattle,1.0
cow,('cow' 'N'),HasA,four_legs,1.0
cow,('cow' 'N'),UsedFor,milking,1.0
cow,('cow' 'N'),UsedFor,milk_and_meat,1.0
cow,('cow' 'N'),CapableOf,low_for_calf,1.0
cow,('cow' 'N'),CapableOf,low_at_milking_time,1.0
cow,('cow' 'N'),CapableOf,low_for_breakfast,1.0
cow,('cow' 'N'),CapableOf,supply_humans_with_milk,1.0
cow,('cow' 'N'),CapableOf,lie_under_tree,1.0
cow,('cow' 'N'),CapableOf,low_by_mooing,1.0
cow,('cow' 'N'),CapableOf,feed_calf,1.0
cow,('cow' 'N'),CapableOf,pet,1.0
cow,('cow' 'N'),CapableOf,blow_horn,1.0
cow,('cow' 'N'),CausesDesire,drink_milk,1.0
cow,('cow' 'N'),ReceivesAction,found_on_ranch,1.0
cow,('cow' 'N'),ReceivesAction,eaten,1.0
area,('area' 'N'),IsA,body_part,2.0
area,('area' 'N'),IsA,topic,2.0
area,('area' 'N'),IsA,structure,2.0
area,('area' 'N'),IsA,extent,2.0
area,('area' 'N'),IsA,region,2.0
area,('area' 'N'),IsA,place,2.0
area,('area' 'N'),RelatedTo,square_inch,1.0
area,('area' 'N'),RelatedTo,penalty_area,1.0
area,('area' 'N'),RelatedTo,object,1.0
area,('area' 'N'),RelatedTo,genitals,1.0
area,('area' 'N'),RelatedTo,square_meter,1.0
area,('area' 'N'),RelatedTo,scope,1.0
area,('area' 'N'),IsA,non_aspectual_quantity,1.0
area,('area' 'N'),IsA,spatial_quantity,1.0
area,('area' 'N'),IsA,another_word_for_place,1.0
area,('area' 'N'),IsA,square_quantity,1.0
area,('area' 'N'),CapableOf,part_of_town,1.0
area,('area' 'N'),DefinedAs,size_of_city,1.0
area,('area' 'N'),ReceivesAction,lived_on,1.0
student,('student' 'N'),AtLocation,university,6.32455532033676
student,('student' 'N'),CapableOf,question_teacher,6.0
student,('student' 'N'),CapableOf,complete_homework,4.898979485566356
student,('student' 'N'),CapableOf,note_fact,4.898979485566356
student,('student' 'N'),CapableOf,study_book,4.47213595499958
student,('student' 'N'),CapableOf,study,4.47213595499958
student,('student' 'N'),CapableOf,master_subject,4.47213595499958
student,('student' 'N'),CapableOf,doubt_teacher,4.0
student,('student' 'N'),CapableOf,read_book,4.0
student,('student' 'N'),CapableOf,study_math,4.0
student,('student' 'N'),CapableOf,fail_test,4.0
student,('student' 'N'),AtLocation,college,4.0
student,('student' 'N'),CapableOf,answer_question,3.4641016151377544
student,('student' 'N'),AtLocation,classroom,3.4641016151377544
student,('student' 'N'),AtLocation,library,3.4641016151377544
student,('student' 'N'),Desires,learn,3.4641016151377544
student,('student' 'N'),PartOf,class,2.82842712474619
student,('student' 'N'),IsA,enrollee,2.0
student,('student' 'N'),AtLocation,college_class,2.0
student,('student' 'N'),RelatedTo,school,1.0
student,('student' 'N'),RelatedTo,university,1.0
student,('student' 'N'),RelatedTo,person,1.0
student,('student' 'N'),RelatedTo,learn,1.0
student,('student' 'N'),IsA,worker,1.0
student,('student' 'N'),IsA,worker,1.0
student,('student' 'N'),IsA,person,1.0
student,('student' 'N'),IsA,learning,1.0
student,('student' 'N'),IsA,person,1.0
student,('student' 'N'),HasA,plenty_of_free_time,1.0
student,('student' 'N'),UsedFor,projects_at_university,1.0
student,('student' 'N'),UsedFor,teaching,1.0
student,('student' 'N'),UsedFor,taking_tests,1.0
student,('student' 'N'),UsedFor,filling_out_class,1.0
student,('student' 'N'),UsedFor,reading_textbooks,1.0
student,('student' 'N'),UsedFor,teach_things_to,1.0
student,('student' 'N'),UsedFor,classroom,1.0
student,('student' 'N'),UsedFor,torture_by_professors,1.0
student,('student' 'N'),UsedFor,homework,1.0
student,('student' 'N'),UsedFor,doing_professors_research,1.0
student,('student' 'N'),UsedFor,teacher_to_teach,1.0
student,('student' 'N'),AtLocation,bar,1.0
student,('student' 'N'),AtLocation,kindergarten_class,1.0
student,('student' 'N'),AtLocation,class_room,1.0
student,('student' 'N'),AtLocation,every_aspect_of_life,1.0
student,('student' 'N'),AtLocation,desk,1.0
student,('student' 'N'),AtLocation,bed,1.0
student,('student' 'N'),Desires,study_birds,1.0
student,('student' 'N'),Desires,good_grade,1.0
student,('student' 'N'),Desires,easy_exam,1.0
student,('student' 'N'),Desires,get_degree,1.0
student,('student' 'N'),ReceivesAction,supposed_to_learn,1.0
student,('student' 'N'),ReceivesAction,found_in_school,1.0
attorney,('attorney' 'N'),CapableOf,prove_case,2.0
attorney,('attorney' 'N'),RelatedTo,authorize,1.0
attorney,('attorney' 'N'),RelatedTo,legal,1.0
attorney,('attorney' 'N'),RelatedTo,lawyer,1.0
attorney,('attorney' 'N'),RelatedTo,advise,1.0
attorney,('attorney' 'N'),RelatedTo,proctor,1.0
attorney,('attorney' 'N'),RelatedTo,profession,1.0
attorney,('attorney' 'N'),RelatedTo,matter,1.0
attorney,('attorney' 'N'),RelatedTo,represent,1.0
attorney,('attorney' 'N'),RelatedTo,representative,1.0
attorney,('attorney' 'N'),CapableOf,right_wrong,1.0
attorney,('attorney' 'N'),CapableOf,put_clients_mind_at_ease,1.0
attorney,('attorney' 'N'),CapableOf,state_case,1.0
attorney,('attorney' 'N'),CapableOf,represent_in_lawsuit,1.0
hallway,('hallway' 'N'),AtLocation,building,3.4641016151377544
hallway,('hallway' 'N'),AtLocation,house,2.82842712474619
hallway,('hallway' 'N'),IsA,corridor,2.0
hallway,('hallway' 'N'),UsedFor,go_between_nonadjacent_rooms,2.0
hallway,('hallway' 'N'),UsedFor,walking_in,2.0
hallway,('hallway' 'N'),UsedFor,moving_between_rooms,2.0
hallway,('hallway' 'N'),AtLocation,office_building,2.0
hallway,('hallway' 'N'),IsA,hall,1.0
hallway,('hallway' 'N'),IsA,constructed_route,1.0
hallway,('hallway' 'N'),IsA,space,1.0
hallway,('hallway' 'N'),IsA,indoor_space,1.0
hallway,('hallway' 'N'),IsA,room,1.0
hallway,('hallway' 'N'),UsedFor,putting_water_fountains,1.0
hallway,('hallway' 'N'),UsedFor,connecting_places,1.0
hallway,('hallway' 'N'),UsedFor,having_doors,1.0
hallway,('hallway' 'N'),UsedFor,going_from_one_room_to_another,1.0
hallway,('hallway' 'N'),UsedFor,entrance,1.0
hallway,('hallway' 'N'),UsedFor,stairs_to_lead_to,1.0
hallway,('hallway' 'N'),UsedFor,easy_access_to_many_rooms,1.0
hallway,('hallway' 'N'),UsedFor,hanging_pictures,1.0
hallway,('hallway' 'N'),HasProperty,flat,1.0
teacher,('teacher' 'N'),CapableOf,school_students,6.6332495807108
teacher,('teacher' 'N'),AtLocation,classroom,6.6332495807108
teacher,('teacher' 'N'),CapableOf,school_student,6.32455532033676
teacher,('teacher' 'N'),CapableOf,teach_students,5.291502622129181
teacher,('teacher' 'N'),CapableOf,state_fact,5.291502622129181
teacher,('teacher' 'N'),CapableOf,answer_questions,4.47213595499958
teacher,('teacher' 'N'),CapableOf,time_test,4.47213595499958
teacher,('teacher' 'N'),CapableOf,help_student,4.47213595499958
teacher,('teacher' 'N'),CapableOf,question_student,4.0
teacher,('teacher' 'N'),Desires,students_to_learn,4.0
teacher,('teacher' 'N'),CapableOf,mark_homework,3.4641016151377544
teacher,('teacher' 'N'),CapableOf,fail_student,3.4641016151377544
teacher,('teacher' 'N'),CapableOf,work_in_school,3.4641016151377544
teacher,('teacher' 'N'),Desires,interested_students,3.4641016151377544
teacher,('teacher' 'N'),Desires,teach,2.82842712474619
teacher,('teacher' 'N'),RelatedTo,teach,2.0
teacher,('teacher' 'N'),IsA,abstraction,2.0
teacher,('teacher' 'N'),IsA,educator,2.0
teacher,('teacher' 'N'),Desires,educate_students,2.0
teacher,('teacher' 'N'),RelatedTo,indication,1.0
teacher,('teacher' 'N'),IsA,person_who's_occupation_teaching,1.0
teacher,('teacher' 'N'),IsA,person_who_shares_knowledge,1.0
teacher,('teacher' 'N'),IsA,academic,1.0
teacher,('teacher' 'N'),IsA,common_employee_of_university,1.0
teacher,('teacher' 'N'),IsA,who_helps_learn,1.0
teacher,('teacher' 'N'),IsA,person,1.0
teacher,('teacher' 'N'),IsA,person,1.0
teacher,('teacher' 'N'),HasA,nothing_to_write_with,1.0
teacher,('teacher' 'N'),UsedFor,answers,1.0
teacher,('teacher' 'N'),HasPrerequisite,learn_subject,1.0
teacher,('teacher' 'N'),HasProperty,enlightened,1.0
teacher,('teacher' 'N'),Desires,vacation,1.0
teacher,('teacher' 'N'),Desires,attention,1.0
teacher,('teacher' 'N'),Desires,interested_student,1.0
teacher,('teacher' 'N'),CausesDesire,write_term_paper,1.0
teacher,('teacher' 'N'),CausesDesire,study,1.0
teacher,('teacher' 'N'),ReceivesAction,required_to_have_teaching_certificate,1.0
teacher,('teacher' 'N'),ReceivesAction,found_in_school,1.0
taxi,('taxi' 'N'),AtLocation,airport,3.4641016151377544
taxi,('taxi' 'N'),IsA,form_of_transportation,2.82842712474619
taxi,('taxi' 'N'),AtLocation,train_station,2.82842712474619
taxi,('taxi' 'N'),MannerOf,travel,2.0
taxi,('taxi' 'N'),MannerOf,ride,2.0
taxi,('taxi' 'N'),RelatedTo,hackney_cab,1.0
taxi,('taxi' 'N'),RelatedTo,hire,1.0
taxi,('taxi' 'N'),RelatedTo,taxi_driver,1.0
taxi,('taxi' 'N'),RelatedTo,journey,1.0
taxi,('taxi' 'N'),RelatedTo,share_taxi,1.0
taxi,('taxi' 'N'),RelatedTo,aircraft,1.0
taxi,('taxi' 'N'),IsA,gas_driven_automobile,1.0
taxi,('taxi' 'N'),IsA,car,1.0
taxi,('taxi' 'N'),CapableOf,tail_car,1.0
taxi,('taxi' 'N'),AtLocation,street,1.0
drizzle,('drizzle' 'N'),RelatedTo,rain,2.648018126826174
drizzle,('drizzle' 'N'),IsA,rain,2.0
drizzle,('drizzle' 'N'),MannerOf,sprinkle,2.0
drizzle,('drizzle' 'N'),MannerOf,rain,2.0
drizzle,('drizzle' 'N'),RelatedTo,rain,1.0
drizzle,('drizzle' 'N'),RelatedTo,pour,1.0
drizzle,('drizzle' 'N'),RelatedTo,oil,1.0
drizzle,('drizzle' 'N'),RelatedTo,syrup,1.0
drizzle,('drizzle' 'N'),RelatedTo,honey,1.0
drizzle,('drizzle' 'N'),RelatedTo,icing,1.0
drizzle,('drizzle' 'N'),IsA,rain,1.0
drizzle,('drizzle' 'N'),HasProperty,welcome_when_fires_rampant,1.0
boundary,('boundary' 'N'),IsA,line,2.0
boundary,('boundary' 'N'),IsA,extremity,2.0
boundary,('boundary' 'N'),IsA,line,1.0
boundary,('boundary' 'N'),IsA,area,1.0
boundary,('boundary' 'N'),UsedFor,delineating_political_unit,1.0
boundary,('boundary' 'N'),UsedFor,delineating_country,1.0
boundary,('boundary' 'N'),UsedFor,indicate_border,1.0
boundary,('boundary' 'N'),UsedFor,limiting,1.0
boundary,('boundary' 'N'),UsedFor,separating_one_thing_from_another,1.0
boundary,('boundary' 'N'),UsedFor,keeping_people_out_or_in,1.0
boundary,('boundary' 'N'),UsedFor,separate_areas,1.0
boundary,('boundary' 'N'),UsedFor,identifying_property,1.0
boundary,('boundary' 'N'),UsedFor,marking_territory,1.0
boundary,('boundary' 'N'),UsedFor,indicating_space,1.0
boundary,('boundary' 'N'),UsedFor,establishing_political_units,1.0
boundary,('boundary' 'N'),AtLocation,sporting_event,1.0
boundary,('boundary' 'N'),AtLocation,society,1.0
boundary,('boundary' 'N'),AtLocation,basketball,1.0
boundary,('boundary' 'N'),AtLocation,map,1.0
boundary,('boundary' 'N'),AtLocation,ranch_country,1.0
boundary,('boundary' 'N'),AtLocation,country,1.0
boundary,('boundary' 'N'),AtLocation,atlas_or_map,1.0
adversary,('adversary' 'N'),IsA,person,2.0
adversary,('adversary' 'N'),RelatedTo,rival,1.0
adversary,('adversary' 'N'),RelatedTo,devil,1.0
adversary,('adversary' 'N'),RelatedTo,satan,1.0
cop,('cop' 'N'),CapableOf,tail_suspect,3.4641016151377544
cop,('cop' 'N'),IsA,slang_word_for_police_officer,1.0
cop,('cop' 'N'),CapableOf,corner_criminal,1.0
cop,('cop' 'N'),CapableOf,get_bribe,1.0
cop,('cop' 'N'),CapableOf,fine_person,1.0
cop,('cop' 'N'),CapableOf,nail_criminal,1.0
cop,('cop' 'N'),CapableOf,fine_for_illegal_parking,1.0
cop,('cop' 'N'),CapableOf,direct_traffic,1.0
cop,('cop' 'N'),CapableOf,book_perp,1.0
cop,('cop' 'N'),AtLocation,street,1.0
cop,('cop' 'N'),AtLocation,street_corner,1.0
cop,('cop' 'N'),AtLocation,roadblock,1.0
cop,('cop' 'N'),AtLocation,park,1.0
cop,('cop' 'N'),AtLocation,corner_of_two_streets,1.0
pact,('pact' 'N'),RelatedTo,agreement,1.4900000000000002
pact,('pact' 'N'),RelatedTo,between,1.0
pact,('pact' 'N'),RelatedTo,covenant,1.0
pact,('pact' 'N'),IsA,policy,1.0
pact,('pact' 'N'),IsA,book,0.5
corporation,('corporation' 'N'),CapableOf,hold_bank_account,2.82842712474619
corporation,('corporation' 'N'),RelatedTo,business,2.740072991728505
corporation,('corporation' 'N'),RelatedTo,company,2.5651510676761315
corporation,('corporation' 'N'),RelatedTo,corporate,2.0
corporation,('corporation' 'N'),IsA,firm,2.0
corporation,('corporation' 'N'),RelatedTo,municipal,1.0
corporation,('corporation' 'N'),IsA,organization,1.0
corporation,('corporation' 'N'),IsA,large_business,1.0
corporation,('corporation' 'N'),IsA,legal_entity,1.0
business,('business' 'N'),UsedFor,making_money,4.0
business,('business' 'N'),RelatedTo,company,3.2174524083504323
business,('business' 'N'),AtLocation,office_building,2.82842712474619
business,('business' 'N'),RelatedTo,work,2.422395508582362
business,('business' 'N'),IsA,sector,2.0
business,('business' 'N'),IsA,acting,2.0
business,('business' 'N'),IsA,business_activity,2.0
business,('business' 'N'),IsA,enterprise,2.0
business,('business' 'N'),IsA,business,2.0
business,('business' 'N'),IsA,concern,2.0
business,('business' 'N'),IsA,aim,2.0
business,('business' 'N'),HasProperty,opening_early,2.0
business,('business' 'N'),RelatedTo,corporation,1.237
business,('business' 'N'),RelatedTo,money,1.173
business,('business' 'N'),RelatedTo,amount,1.0
business,('business' 'N'),RelatedTo,coach,1.0
business,('business' 'N'),RelatedTo,first_class,1.0
business,('business' 'N'),RelatedTo,hollywood,1.0
business,('business' 'N'),RelatedTo,trade,1.0
business,('business' 'N'),RelatedTo,commercial,1.0
business,('business' 'N'),RelatedTo,work,1.0
business,('business' 'N'),IsA,money_making_enterprise,1.0
business,('business' 'N'),IsA,may_own,1.0
business,('business' 'N'),IsA,commercial_organization,1.0
business,('business' 'N'),IsA,organization,1.0
business,('business' 'N'),PartOf,business_community,1.0
business,('business' 'N'),HasA,commercial_goal,1.0
business,('business' 'N'),UsedFor,selling_product,1.0
business,('business' 'N'),UsedFor,benefiting_community,1.0
business,('business' 'N'),UsedFor,providing_service,1.0
business,('business' 'N'),UsedFor,providing_employment,1.0
business,('business' 'N'),UsedFor,benefiting_consumers,1.0
business,('business' 'N'),UsedFor,exchanging_service_for_money,1.0
business,('business' 'N'),UsedFor,selling_things,1.0
business,('business' 'N'),UsedFor,concealing_illegal_activities,1.0
business,('business' 'N'),UsedFor,accumulate_family_wealth,1.0
business,('business' 'N'),UsedFor,organisation,1.0
business,('business' 'N'),CapableOf,mail_letter_to_customer,1.0
business,('business' 'N'),CapableOf,ship_packages,1.0
business,('business' 'N'),CapableOf,market_new_product,1.0
business,('business' 'N'),CapableOf,increase_sales,1.0
business,('business' 'N'),CapableOf,price_above_or_below_competition,1.0
business,('business' 'N'),CapableOf,please_customer,1.0
business,('business' 'N'),AtLocation,big_city,1.0
business,('business' 'N'),AtLocation,building,1.0
business,('business' 'N'),AtLocation,business_district,1.0
business,('business' 'N'),AtLocation,city,1.0
business,('business' 'N'),AtLocation,skyscraper,1.0
business,('business' 'N'),HasPrerequisite,persons_as_employees,1.0
victory,('victory' 'N'),CausesDesire,celebrate,3.4641016151377544
victory,('victory' 'N'),IsA,ending,2.0
victory,('victory' 'N'),IsA,success,2.0
victory,('victory' 'N'),IsA,when_one_opponent_defeats_another,2.0
victory,('victory' 'N'),IsA,event,1.0
victory,('victory' 'N'),IsA,single,0.5
abundance,('abundance' 'N'),IsA,quantity,2.0
abundance,('abundance' 'N'),IsA,ratio,2.0
abundance,('abundance' 'N'),IsA,ratio,2.0
abundance,('abundance' 'N'),RelatedTo,amount,1.0
abundance,('abundance' 'N'),RelatedTo,sample,1.0
abundance,('abundance' 'N'),RelatedTo,solo,1.0
abundance,('abundance' 'N'),RelatedTo,bid,1.0
abundance,('abundance' 'N'),RelatedTo,overflowing,1.0
abundance,('abundance' 'N'),RelatedTo,environment,1.0
abundance,('abundance' 'N'),RelatedTo,frequency,1.0
abundance,('abundance' 'N'),RelatedTo,abound,1.0
abundance,('abundance' 'N'),RelatedTo,superfluity,1.0
abundance,('abundance' 'N'),RelatedTo,copious,1.0
abundance,('abundance' 'N'),RelatedTo,trick,1.0
abundance,('abundance' 'N'),IsA,situation,1.0
journey,('journey' 'N'),RelatedTo,travel,2.0
journey,('journey' 'N'),IsA,travel,2.0
journey,('journey' 'N'),RelatedTo,trip,1.0
journey,('journey' 'N'),RelatedTo,weight,1.0
journey,('journey' 'N'),IsA,video_game,0.5
physician,('physician' 'N'),RelatedTo,doctor,2.8621670111997304
physician,('physician' 'N'),IsA,medical_doctor,2.0
physician,('physician' 'N'),RelatedTo,physicist,1.0
physician,('physician' 'N'),RelatedTo,physic,1.0
physician,('physician' 'N'),RelatedTo,human,1.0
physician,('physician' 'N'),RelatedTo,physics,1.0
physician,('physician' 'N'),RelatedTo,surgeon,1.0
physician,('physician' 'N'),IsA,one_type_of_medical_professional,1.0
physician,('physician' 'N'),IsA,medic,1.0
physician,('physician' 'N'),CapableOf,doctor_wound,1.0
physician,('physician' 'N'),CapableOf,set_set_bone,1.0
physician,('physician' 'N'),IsA,book,0.5
task,('task' 'N'),RelatedTo,job,2.015936506936665
task,('task' 'N'),MannerOf,delegate,2.0
task,('task' 'N'),RelatedTo,chore,1.2650000000000001
task,('task' 'N'),CapableOf,near_conclusion,1.0
movie,('movie' 'N'),AtLocation,theater,6.6332495807108
movie,('movie' 'N'),ReceivesAction,recorded_on_film,4.47213595499958
movie,('movie' 'N'),IsA,film,3.4641016151377544
movie,('movie' 'N'),UsedFor,entertainment,3.4641016151377544
movie,('movie' 'N'),RelatedTo,film,2.8885982759809297
movie,('movie' 'N'),IsA,sequence_of_frames,2.82842712474619
movie,('movie' 'N'),UsedFor,learn,2.82842712474619
movie,('movie' 'N'),CapableOf,star_actor,2.82842712474619
movie,('movie' 'N'),AtLocation,movie_theater,2.82842712474619
movie,('movie' 'N'),AtLocation,movie,2.82842712474619
movie,('movie' 'N'),CausesDesire,stand_in_queue,2.82842712474619
movie,('movie' 'N'),IsA,product,2.0
movie,('movie' 'N'),IsA,show,2.0
movie,('movie' 'N'),RelatedTo,cinema,1.362
movie,('movie' 'N'),RelatedTo,cinema,1.0
movie,('movie' 'N'),RelatedTo,screen,1.0
movie,('movie' 'N'),IsA,video,1.0
movie,('movie' 'N'),IsA,way_of,1.0
movie,('movie' 'N'),IsA,media_product,1.0
movie,('movie' 'N'),IsA,slang_for_film,1.0
movie,('movie' 'N'),IsA,conceptual_work,1.0
movie,('movie' 'N'),IsA,another_word_for_film,1.0
movie,('movie' 'N'),HasA,more_than_one_scene,1.0
movie,('movie' 'N'),HasA,ending,1.0
movie,('movie' 'N'),UsedFor,viewing,1.0
movie,('movie' 'N'),UsedFor,fun,1.0
movie,('movie' 'N'),UsedFor,fantasize,1.0
movie,('movie' 'N'),UsedFor,kill_couple_of_hours,1.0
movie,('movie' 'N'),UsedFor,make_political_point,1.0
movie,('movie' 'N'),UsedFor,watching,1.0
movie,('movie' 'N'),UsedFor,expressing_ideas,1.0
movie,('movie' 'N'),UsedFor,see_story,1.0
movie,('movie' 'N'),UsedFor,beings_to_watch_and_see,1.0
movie,('movie' 'N'),CapableOf,end_sadly,1.0
movie,('movie' 'N'),CapableOf,touch_heart,1.0
movie,('movie' 'N'),CapableOf,near_end,1.0
movie,('movie' 'N'),CapableOf,continue_after_intermission,1.0
movie,('movie' 'N'),CapableOf,end_happily,1.0
movie,('movie' 'N'),CapableOf,touch,1.0
movie,('movie' 'N'),CapableOf,last_2_hours,1.0
movie,('movie' 'N'),CapableOf,end_saldy,1.0
movie,('movie' 'N'),AtLocation,video_store,1.0
movie,('movie' 'N'),AtLocation,television,1.0
movie,('movie' 'N'),AtLocation,plane,1.0
movie,('movie' 'N'),AtLocation,theatre,1.0
movie,('movie' 'N'),AtLocation,drive_in_movie,1.0
movie,('movie' 'N'),AtLocation,vcr,1.0
movie,('movie' 'N'),AtLocation,movie_theatre,1.0
movie,('movie' 'N'),AtLocation,movies,1.0
movie,('movie' 'N'),HasProperty,romantic,1.0
movie,('movie' 'N'),ReceivesAction,ending_after_couple_of_hours,1.0
movie,('movie' 'N'),ReceivesAction,made_up_of_parts_called_scenes,1.0
movie,('movie' 'N'),ReceivesAction,projected_onto_screen,1.0
movie,('movie' 'N'),ReceivesAction,made_on_soudstage,1.0
movie,('movie' 'N'),ReceivesAction,made_up_of_scenes,1.0
movie,('movie' 'N'),ReceivesAction,ending_now,1.0
movie,('movie' 'N'),ReceivesAction,rented,1.0
movie,('movie' 'N'),ReceivesAction,composed_of_scenes,1.0
movie,('movie' 'N'),ReceivesAction,paid_for_by_producer,1.0
movie,('movie' 'N'),ReceivesAction,shown_at_theater,1.0
shore,('shore' 'N'),IsA,geological_formation,2.0
shore,('shore' 'N'),IsA,beam,2.0
shore,('shore' 'N'),UsedFor,swim,2.0
shore,('shore' 'N'),UsedFor,surfing,2.0
shore,('shore' 'N'),AtLocation,beach,2.0
shore,('shore' 'N'),MannerOf,bound,2.0
shore,('shore' 'N'),LocatedNear,ocean,2.0
shore,('shore' 'N'),IsA,at_sea_level,1.0
shore,('shore' 'N'),HasA,beach,1.0
shore,('shore' 'N'),UsedFor,lounging_on_beach,1.0
shore,('shore' 'N'),UsedFor,demarking_land_from_ocean,1.0
shore,('shore' 'N'),UsedFor,swimming_to,1.0
shore,('shore' 'N'),UsedFor,getting_on_boat,1.0
shore,('shore' 'N'),UsedFor,going_into_water,1.0
shore,('shore' 'N'),UsedFor,relaxing_near_ocean,1.0
shore,('shore' 'N'),UsedFor,docking_boat,1.0
shore,('shore' 'N'),UsedFor,meditation,1.0
shore,('shore' 'N'),AtLocation,california,1.0
shore,('shore' 'N'),AtLocation,seaside_town,1.0
shore,('shore' 'N'),AtLocation,ocean,1.0
shore,('shore' 'N'),AtLocation,picture_of_sea_side,1.0
shore,('shore' 'N'),HasProperty,next_to_sea,1.0
shore,('shore' 'N'),ReceivesAction,found_near_water,1.0
friend,('friend' 'N'),UsedFor,confiding,4.0
friend,('friend' 'N'),UsedFor,companionship,3.4641016151377544
friend,('friend' 'N'),CapableOf,talk,3.4641016151377544
friend,('friend' 'N'),RelatedTo,buddy,3.348432469081615
friend,('friend' 'N'),RelatedTo,pal,3.1029018676071605
friend,('friend' 'N'),CapableOf,keep_secret,2.82842712474619
friend,('friend' 'N'),CapableOf,come_over,2.82842712474619
friend,('friend' 'N'),AtLocation,friend's_wedding,2.82842712474619
friend,('friend' 'N'),RelatedTo,person,2.1633307652783937
friend,('friend' 'N'),IsA,person,2.0
friend,('friend' 'N'),CapableOf,rely_on,2.0
friend,('friend' 'N'),CapableOf,give_gift_to_friend,2.0
friend,('friend' 'N'),CapableOf,meet_for_coffee,2.0
friend,('friend' 'N'),CapableOf,return_phone_call,2.0
friend,('friend' 'N'),CapableOf,lend_tool,2.0
friend,('friend' 'N'),CapableOf,return_phone_calls,2.0
friend,('friend' 'N'),AtLocation,neighbor's_house,2.0
friend,('friend' 'N'),AtLocation,at_school,2.0
friend,('friend' 'N'),AtLocation,me,2.0
friend,('friend' 'N'),MannerOf,include,2.0
friend,('friend' 'N'),RelatedTo,companion,1.7890000000000001
friend,('friend' 'N'),RelatedTo,class,1.0
friend,('friend' 'N'),RelatedTo,protected,1.0
friend,('friend' 'N'),IsA,trust_and_confide_in,1.0
friend,('friend' 'N'),IsA,cheating_on_wife,1.0
friend,('friend' 'N'),IsA,thing,1.0
friend,('friend' 'N'),IsA,close_companion,1.0
friend,('friend' 'N'),IsA,moving_in_to_house,1.0
friend,('friend' 'N'),IsA,who_understands,1.0
friend,('friend' 'N'),HasA,special_place_in_ones_heart,1.0
friend,('friend' 'N'),UsedFor,understanding,1.0
friend,('friend' 'N'),UsedFor,laughing_with,1.0
friend,('friend' 'N'),UsedFor,doing_activities_with,1.0
friend,('friend' 'N'),UsedFor,making_happy,1.0
friend,('friend' 'N'),UsedFor,listen_to_problems,1.0
friend,('friend' 'N'),UsedFor,crying_with,1.0
friend,('friend' 'N'),UsedFor,confide_in,1.0
friend,('friend' 'N'),UsedFor,feel_good,1.0
friend,('friend' 'N'),UsedFor,forgiving,1.0
friend,('friend' 'N'),CapableOf,spot_weightlifter,1.0
friend,('friend' 'N'),CapableOf,remember_birthday,1.0
friend,('friend' 'N'),AtLocation,school,1.0
friend,('friend' 'N'),AtLocation,workplace,1.0
friend,('friend' 'N'),AtLocation,unexpected_place,1.0
friend,('friend' 'N'),AtLocation,social_atmosphere,1.0
friend,('friend' 'N'),AtLocation,need,1.0
friend,('friend' 'N'),HasProperty,good_to_have,1.0
friend,('friend' 'N'),CausesDesire,go_to_sporting_event,1.0
friend,('friend' 'N'),CausesDesire,play_game,1.0
friend,('friend' 'N'),CausesDesire,debate_politics,1.0
friend,('friend' 'N'),CausesDesire,holiday_shop,1.0
friend,('friend' 'N'),CausesDesire,see_band,1.0
friend,('friend' 'N'),CausesDesire,commit_perjury,1.0
friend,('friend' 'N'),IsA,film,0.5
heroine,('heroine' 'N'),RelatedTo,hero,2.0
heroine,('heroine' 'N'),IsA,character,2.0
heroine,('heroine' 'N'),IsA,woman,2.0
heroine,('heroine' 'N'),IsA,person,1.0
heroine,('heroine' 'N'),IsA,female_person,1.0
heroine,('heroine' 'N'),IsA,highly_addictive_drug,1.0
heroine,('heroine' 'N'),IsA,heroic_person,1.0
heroine,('heroine' 'N'),HasProperty,only_used_for_females,1.0
danger,('danger' 'N'),RelatedTo,warning,3.414088458139302
danger,('danger' 'N'),RelatedTo,hazard,2.4568272222523095
danger,('danger' 'N'),RelatedTo,peril,2.444585854495603
danger,('danger' 'N'),RelatedTo,risk,2.3857912733514635
danger,('danger' 'N'),RelatedTo,trouble,2.297825058615212
danger,('danger' 'N'),RelatedTo,peril,2.0
danger,('danger' 'N'),IsA,area,2.0
danger,('danger' 'N'),IsA,causal_agent,2.0
danger,('danger' 'N'),IsA,condition,2.0
danger,('danger' 'N'),RelatedTo,situation,1.799
danger,('danger' 'N'),RelatedTo,scary,1.7720000000000002
danger,('danger' 'N'),RelatedTo,fear,1.521
danger,('danger' 'N'),RelatedTo,sign,1.3940000000000001
danger,('danger' 'N'),RelatedTo,caution,1.255
danger,('danger' 'N'),AtLocation,roadblock,1.0
danger,('danger' 'N'),AtLocation,war,1.0
danger,('danger' 'N'),CausesDesire,tell_many_people_about,1.0
danger,('danger' 'N'),CausesDesire,lie,1.0
danger,('danger' 'N'),CausesDesire,fight_enemy,1.0
attention,('attention' 'N'),IsA,stance,2.0
attention,('attention' 'N'),IsA,faculty,2.0
attention,('attention' 'N'),IsA,attraction,2.0
attention,('attention' 'N'),IsA,courtesy,2.0
attention,('attention' 'N'),IsA,basic_cognitive_process,2.0
attention,('attention' 'N'),IsA,taking_care_of,1.0
attention,('attention' 'N'),IsA,work,1.0
attention,('attention' 'N'),HasProperty,drawn_to_different,1.0
attention,('attention' 'N'),HasProperty,important_to_self_esteem,1.0
attention,('attention' 'N'),HasProperty,drawn_to_strange,1.0
attention,('attention' 'N'),ReceivesAction,drawn_to_shiny,1.0
attention,('attention' 'N'),ReceivesAction,drawn_to_not_ordinary,1.0
attention,('attention' 'N'),ReceivesAction,drawn_to_loud,1.0
attention,('attention' 'N'),ReceivesAction,drawn_to_moving,1.0
attention,('attention' 'N'),IsA,album,0.5
anger,('anger' 'N'),IsA,emotion,7.745966692414834
anger,('anger' 'N'),CausesDesire,hurt_else,3.4641016151377544
anger,('anger' 'N'),CausesDesire,punch,2.82842712474619
anger,('anger' 'N'),CausesDesire,kill_people,2.82842712474619
anger,('anger' 'N'),CausesDesire,kill,2.82842712474619
anger,('anger' 'N'),IsA,emotional_arousal,2.0
anger,('anger' 'N'),IsA,emotion,2.0
anger,('anger' 'N'),Causes,anger,2.0
anger,('anger' 'N'),MannerOf,arouse,2.0
anger,('anger' 'N'),MannerOf,feel,2.0
anger,('anger' 'N'),RelatedTo,emotion,1.388
anger,('anger' 'N'),RelatedTo,mad,1.0550000000000002
anger,('anger' 'N'),RelatedTo,urge,1.0
anger,('anger' 'N'),RelatedTo,anxious,1.0
anger,('anger' 'N'),RelatedTo,antagonism,1.0
anger,('anger' 'N'),RelatedTo,displeasure,1.0
anger,('anger' 'N'),RelatedTo,angry,1.0
anger,('anger' 'N'),RelatedTo,harm,1.0
anger,('anger' 'N'),RelatedTo,anxiety,1.0
anger,('anger' 'N'),RelatedTo,pain,1.0
anger,('anger' 'N'),RelatedTo,sting,1.0
anger,('anger' 'N'),IsA,frustration_at_inability_to_control,1.0
anger,('anger' 'N'),IsA,frustration,1.0
anger,('anger' 'N'),IsA,hostile_emotion,1.0
anger,('anger' 'N'),IsA,important_survival_emotion,1.0
anger,('anger' 'N'),CapableOf,very_dangerous_emotion,1.0
anger,('anger' 'N'),CapableOf,cause_people_to_commit_senseless_acts,1.0
anger,('anger' 'N'),CapableOf,divide_people,1.0
anger,('anger' 'N'),CapableOf,kill_relationship,1.0
anger,('anger' 'N'),CapableOf,cloud_person's_thinking,1.0
anger,('anger' 'N'),CapableOf,produce_discontent,1.0
anger,('anger' 'N'),CapableOf,cause_people_to_yell,1.0
anger,('anger' 'N'),HasProperty,unpleasant,1.0
anger,('anger' 'N'),CausesDesire,advance_into_battle,1.0
anger,('anger' 'N'),CausesDesire,kick_puppies,1.0
anger,('anger' 'N'),CausesDesire,pass_sentence,1.0
anger,('anger' 'N'),CausesDesire,illustrate_point,1.0
anger,('anger' 'N'),CausesDesire,join_army,1.0
anger,('anger' 'N'),CausesDesire,cool_off,1.0
anger,('anger' 'N'),CausesDesire,write_letter,1.0
champion,('champion' 'N'),IsA,defender,2.0
champion,('champion' 'N'),IsA,rival,2.0
champion,('champion' 'N'),MannerOf,back,2.0
champion,('champion' 'N'),RelatedTo,winner,1.4900000000000002
champion,('champion' 'N'),IsA,person,1.0
champion,('champion' 'N'),CapableOf,best_in_crowd,1.0
champion,('champion' 'N'),CapableOf,best_opponent,1.0
champion,('champion' 'N'),CapableOf,battle_knight,1.0
champion,('champion' 'N'),CapableOf,taste_fruits_of_victory,1.0
assignment,('assignment' 'N'),IsA,undertaking,2.0
assignment,('assignment' 'N'),IsA,duty,2.0
assignment,('assignment' 'N'),IsA,legal_document,2.0
assignment,('assignment' 'N'),IsA,distribution,2.0
assignment,('assignment' 'N'),CausesDesire,write_term_paper,2.0
assignment,('assignment' 'N'),RelatedTo,document,1.0
assignment,('assignment' 'N'),RelatedTo,assigned,1.0
assignment,('assignment' 'N'),RelatedTo,coursework,1.0
assignment,('assignment' 'N'),AtLocation,desk,1.0
assignment,('assignment' 'N'),SimilarTo,homework,1.0
buddy,('buddy' 'N'),IsA,friend,2.0
buddy,('buddy' 'N'),RelatedTo,informal,1.0
buddy,('buddy' 'N'),IsA,friend,1.0
alcohol,('alcohol' 'N'),CapableOf,cloud_judgement,10.0
alcohol,('alcohol' 'N'),CausesDesire,sleep_at_night,4.47213595499958
alcohol,('alcohol' 'N'),AtLocation,pub,4.0
alcohol,('alcohol' 'N'),HasProperty,addictive,4.0
alcohol,('alcohol' 'N'),AtLocation,plane,3.4641016151377544
alcohol,('alcohol' 'N'),AtLocation,beer,3.4641016151377544
alcohol,('alcohol' 'N'),AtLocation,fraternity_house,3.4641016151377544
alcohol,('alcohol' 'N'),CapableOf,slow_thinking,2.82842712474619
alcohol,('alcohol' 'N'),AtLocation,wine,2.82842712474619
alcohol,('alcohol' 'N'),CausesDesire,sleep,2.82842712474619
alcohol,('alcohol' 'N'),ReceivesAction,ignited_easily,2.82842712474619
alcohol,('alcohol' 'N'),IsA,sedative_and_pain_killer,2.0
alcohol,('alcohol' 'N'),IsA,depressant,2.0
alcohol,('alcohol' 'N'),IsA,instance_of_drug,2.0
alcohol,('alcohol' 'N'),IsA,fermented_beverage,2.0
alcohol,('alcohol' 'N'),IsA,beverage,2.0
alcohol,('alcohol' 'N'),IsA,liquid,2.0
alcohol,('alcohol' 'N'),IsA,intoxicating_beverage,2.0
alcohol,('alcohol' 'N'),IsA,drug_of_abuse,2.0
alcohol,('alcohol' 'N'),IsA,numbing_agent,2.0
alcohol,('alcohol' 'N'),UsedFor,sterilize_instruments,2.0
alcohol,('alcohol' 'N'),UsedFor,clean_wounds,2.0
alcohol,('alcohol' 'N'),CapableOf,cloud_mind,2.0
alcohol,('alcohol' 'N'),CapableOf,burn,2.0
alcohol,('alcohol' 'N'),CapableOf,lead_to_drunken_behavior,2.0
alcohol,('alcohol' 'N'),CapableOf,destroy_friendships,2.0
alcohol,('alcohol' 'N'),AtLocation,distillery,2.0
alcohol,('alcohol' 'N'),AtLocation,chemistry_lab,2.0
alcohol,('alcohol' 'N'),Causes,drunkenness,2.0
alcohol,('alcohol' 'N'),CausesDesire,dance,2.0
alcohol,('alcohol' 'N'),CausesDesire,become_inebriated,2.0
alcohol,('alcohol' 'N'),CausesDesire,socialize,2.0
alcohol,('alcohol' 'N'),RelatedTo,organic,1.0
alcohol,('alcohol' 'N'),RelatedTo,compounds,1.0
alcohol,('alcohol' 'N'),RelatedTo,powder,1.0
alcohol,('alcohol' 'N'),IsA,inanimate_object,1.0
alcohol,('alcohol' 'N'),IsA,depressant_don't_drink,1.0
alcohol,('alcohol' 'N'),PartOf,drinks_served_in_bars,1.0
alcohol,('alcohol' 'N'),HasA,effect_of_intoxicating,1.0
alcohol,('alcohol' 'N'),UsedFor,intoxication,1.0
alcohol,('alcohol' 'N'),CapableOf,cloud_one's_mind,1.0
alcohol,('alcohol' 'N'),CapableOf,lower_inhibitions,1.0
alcohol,('alcohol' 'N'),CapableOf,come_in_bottle,1.0
alcohol,('alcohol' 'N'),CapableOf,cause_to_snore,1.0
alcohol,('alcohol' 'N'),CapableOf,fool,1.0
alcohol,('alcohol' 'N'),AtLocation,friend's_wedding,1.0
alcohol,('alcohol' 'N'),AtLocation,supermarket,1.0
alcohol,('alcohol' 'N'),AtLocation,restaurants,1.0
alcohol,('alcohol' 'N'),AtLocation,fridge,1.0
alcohol,('alcohol' 'N'),Causes,hangover,1.0
alcohol,('alcohol' 'N'),Causes,amnesia,1.0
alcohol,('alcohol' 'N'),Causes,brewer's_droop,1.0
alcohol,('alcohol' 'N'),Causes,do_stupid_things,1.0
alcohol,('alcohol' 'N'),HasProperty,addictive_for_people,1.0
alcohol,('alcohol' 'N'),HasProperty,intoxicating,1.0
alcohol,('alcohol' 'N'),ReceivesAction,stored_in_cocktail_cabinet,1.0
alcohol,('alcohol' 'N'),ReceivesAction,served_in_bars,1.0
alcohol,('alcohol' 'N'),ReceivesAction,bought_in_pub,1.0
alcohol,('alcohol' 'N'),ReceivesAction,made_from_sugary_and_starchy_substances,1.0
motor,('motor' 'N'),RelatedTo,engine,5.907283639711234
motor,('motor' 'N'),RelatedTo,car,5.165268628057983
motor,('motor' 'N'),RelatedTo,car_engine,2.218107301281883
motor,('motor' 'N'),RelatedTo,cars,2.149418526020467
motor,('motor' 'N'),IsA,agent,2.0
motor,('motor' 'N'),IsA,machine,2.0
motor,('motor' 'N'),RelatedTo,machine,1.483
motor,('motor' 'N'),RelatedTo,psychomotor,1.0
motor,('motor' 'N'),RelatedTo,convert,1.0
motor,('motor' 'N'),RelatedTo,inspiration,1.0
motor,('motor' 'N'),RelatedTo,motoric,1.0
motor,('motor' 'N'),RelatedTo,energy,1.0
motor,('motor' 'N'),RelatedTo,automobile,1.0
motor,('motor' 'N'),IsA,invention,1.0
motor,('motor' 'N'),PartOf,treadmill,1.0
motor,('motor' 'N'),UsedFor,locomotion,1.0
motor,('motor' 'N'),CapableOf,turn_wheel,1.0
motor,('motor' 'N'),CapableOf,turn_propeller,1.0
motor,('motor' 'N'),CapableOf,power_motorized_vehicle,1.0
motor,('motor' 'N'),AtLocation,repair_shop,1.0
bubble,('bubble' 'N'),IsA,illusion,2.0
bubble,('bubble' 'N'),IsA,covering,2.0
bubble,('bubble' 'N'),IsA,globule,2.0
bubble,('bubble' 'N'),Causes,bubble,2.0
bubble,('bubble' 'N'),MannerOf,rise,2.0
bubble,('bubble' 'N'),MannerOf,emit,2.0
bubble,('bubble' 'N'),MannerOf,change,2.0
bubble,('bubble' 'N'),RelatedTo,volume,1.0
bubble,('bubble' 'N'),RelatedTo,dupe,1.0
bubble,('bubble' 'N'),RelatedTo,metaphorical,1.0
bubble,('bubble' 'N'),RelatedTo,spherical,1.0
bubble,('bubble' 'N'),RelatedTo,rise,1.0
bubble,('bubble' 'N'),IsA,spheroid,1.0
bubble,('bubble' 'N'),CapableOf,rise_to_surface_of_water,1.0
bubble,('bubble' 'N'),CapableOf,burst,1.0
crib,('crib' 'N'),IsA,granary,2.0
crib,('crib' 'N'),IsA,baby_bed,2.0
crib,('crib' 'N'),IsA,bin,2.0
crib,('crib' 'N'),IsA,playing_card,2.0
crib,('crib' 'N'),PartOf,cribbage,2.0
crib,('crib' 'N'),MannerOf,line,2.0
crib,('crib' 'N'),MannerOf,cheat,2.0
crib,('crib' 'N'),MannerOf,plagiarize,2.0
crib,('crib' 'N'),RelatedTo,magi,1.0
crib,('crib' 'N'),RelatedTo,plagiarize,1.0
crib,('crib' 'N'),RelatedTo,job,1.0
crib,('crib' 'N'),RelatedTo,packet_ship,1.0
crib,('crib' 'N'),RelatedTo,dealer,1.0
crib,('crib' 'N'),RelatedTo,fodder,1.0
crib,('crib' 'N'),IsA,container_product,1.0
crib,('crib' 'N'),IsA,bed,1.0
style,('style' 'N'),IsA,direction,2.0
style,('style' 'N'),IsA,reproductive_structure,2.0
style,('style' 'N'),IsA,process,2.0
style,('style' 'N'),IsA,kind,2.0
style,('style' 'N'),PartOf,pistil,2.0
style,('style' 'N'),MannerOf,make,2.0
style,('style' 'N'),MannerOf,write,2.0
style,('style' 'N'),MannerOf,name,2.0
style,('style' 'N'),RelatedTo,fashion,1.0830000000000002
style,('style' 'N'),RelatedTo,italic,1.0
style,('style' 'N'),IsA,stylistic_variation_of_font,1.0
style,('style' 'N'),PartOf,carpel,1.0
style,('style' 'N'),CapableOf,reflect_mood,1.0
aggression,('aggression' 'N'),RelatedTo,aggressive,2.0
aggression,('aggression' 'N'),RelatedTo,aggressor,2.0
aggression,('aggression' 'N'),IsA,hostility,2.0
aggression,('aggression' 'N'),IsA,unfriendliness,2.0
aggression,('aggression' 'N'),IsA,behavior,2.0
aggression,('aggression' 'N'),IsA,combat,2.0
aggression,('aggression' 'N'),IsA,action,2.0
aggression,('aggression' 'N'),PartOf,war,2.0
sheep,('sheep' 'N'),RelatedTo,animal,12.40628872789925
sheep,('sheep' 'N'),RelatedTo,wool,10.907245298424346
sheep,('sheep' 'N'),RelatedTo,lamb,7.6845299140546
sheep,('sheep' 'N'),RelatedTo,wooly,5.978628605290681
sheep,('sheep' 'N'),RelatedTo,farm,5.511079749014707
sheep,('sheep' 'N'),RelatedTo,white,4.709564735726647
sheep,('sheep' 'N'),RelatedTo,goat,4.564208584190691
sheep,('sheep' 'N'),RelatedTo,ewe,4.531224999931034
sheep,('sheep' 'N'),RelatedTo,baa,4.481963855275944
sheep,('sheep' 'N'),RelatedTo,mammal,4.20142832855685
sheep,('sheep' 'N'),RelatedTo,fluffy,3.9703904090152147
sheep,('sheep' 'N'),CapableOf,graze,2.82842712474619
sheep,('sheep' 'N'),IsA,follower,2.0
sheep,('sheep' 'N'),IsA,farm_animals,2.0
sheep,('sheep' 'N'),IsA,bovid,2.0
sheep,('sheep' 'N'),IsA,simpleton,2.0
sheep,('sheep' 'N'),IsA,animals,2.0
sheep,('sheep' 'N'),AtLocation,meadow,2.0
sheep,('sheep' 'N'),AtLocation,farm,2.0
sheep,('sheep' 'N'),IsA,herd_animal_small,1.0
sheep,('sheep' 'N'),IsA,mammal,1.0
sheep,('sheep' 'N'),IsA,mammals,1.0
sheep,('sheep' 'N'),IsA,ruminant,1.0
sheep,('sheep' 'N'),IsA,animal,1.0
sheep,('sheep' 'N'),PartOf,flock,1.0
sheep,('sheep' 'N'),HasA,wool,1.0
sheep,('sheep' 'N'),UsedFor,shearing,1.0
sheep,('sheep' 'N'),CapableOf,live_in_field,1.0
sheep,('sheep' 'N'),CapableOf,group_together,1.0
sheep,('sheep' 'N'),AtLocation,fair,1.0
sheep,('sheep' 'N'),AtLocation,fairgrounds,1.0
sheep,('sheep' 'N'),HasProperty,skilled_at_recognising_faces,1.0
sheep,('sheep' 'N'),ReceivesAction,shorn,1.0
sheep,('sheep' 'N'),ReceivesAction,considered_to_rather_stupid_animals,1.0
sheep,('sheep' 'N'),IsA,mammal,0.5
beach,('beach' 'N'),IsA,geological_formation,2.0
beach,('beach' 'N'),PartOf,shore,2.0
beach,('beach' 'N'),HasA,lots_of_sand,2.0
beach,('beach' 'N'),MannerOf,land,2.0
beach,('beach' 'N'),RelatedTo,sand,1.052
beach,('beach' 'N'),RelatedTo,shore,1.0
beach,('beach' 'N'),RelatedTo,shingle,1.0
beach,('beach' 'N'),RelatedTo,north_dakota,1.0
beach,('beach' 'N'),RelatedTo,sand,1.0
beach,('beach' 'N'),RelatedTo,water,1.0
beach,('beach' 'N'),RelatedTo,england,1.0
beach,('beach' 'N'),RelatedTo,county_seat,1.0
beach,('beach' 'N'),RelatedTo,golden_valley_county,1.0
beach,('beach' 'N'),RelatedTo,seashore,1.0
beach,('beach' 'N'),IsA,nice_relaxing_place_to_visit,1.0
beach,('beach' 'N'),IsA,ecological_region,1.0
beach,('beach' 'N'),IsA,where_water_and_land_meet,1.0
beach,('beach' 'N'),IsA,common_place_to_drink_beer,1.0
beach,('beach' 'N'),IsA,shoreline,1.0
beach,('beach' 'N'),IsA,flat_terrain,1.0
beach,('beach' 'N'),IsA,place,1.0
beach,('beach' 'N'),IsA,shore,1.0
beach,('beach' 'N'),IsA,coarse_grained_soil_region,1.0
beach,('beach' 'N'),IsA,relaxing_place_to,1.0
beach,('beach' 'N'),AtLocation,state_park,1.0
couple,('couple' 'N'),CapableOf,tie_knot,4.47213595499958
couple,('couple' 'N'),HasProperty,two,3.4641016151377544
couple,('couple' 'N'),CapableOf,row_about,2.82842712474619
couple,('couple' 'N'),CapableOf,watch_movie,2.82842712474619
couple,('couple' 'N'),IsA,unit,2.0
couple,('couple' 'N'),IsA,small_indefinite_quantity,2.0
couple,('couple' 'N'),IsA,pair,2.0
couple,('couple' 'N'),IsA,two,2.0
couple,('couple' 'N'),IsA,family,2.0
couple,('couple' 'N'),CapableOf,eat_at_resturant,2.0
couple,('couple' 'N'),CapableOf,communicate,2.0
couple,('couple' 'N'),CapableOf,watch_sunset,2.0
couple,('couple' 'N'),CapableOf,marry_each_other,2.0
couple,('couple' 'N'),CapableOf,think_about_divorcing,2.0
couple,('couple' 'N'),AtLocation,theatre,2.0
couple,('couple' 'N'),AtLocation,wedding,2.0
couple,('couple' 'N'),MannerOf,attach,2.0
couple,('couple' 'N'),IsA,pair_of_people,1.0
couple,('couple' 'N'),IsA,multi_person_agent,1.0
couple,('couple' 'N'),CapableOf,see_counselor,1.0
couple,('couple' 'N'),CapableOf,decide_to_have_sex,1.0
couple,('couple' 'N'),CapableOf,make_sex,1.0
horse,('horse' 'N'),RelatedTo,animal,11.753807893614733
horse,('horse' 'N'),HasA,four_legs,6.6332495807108
horse,('horse' 'N'),RelatedTo,riding,6.109337116250829
horse,('horse' 'N'),UsedFor,riding,5.656854249492381
horse,('horse' 'N'),AtLocation,race_track,5.656854249492381
horse,('horse' 'N'),AtLocation,cavalry,5.291502622129181
horse,('horse' 'N'),RelatedTo,pony,5.275604230796696
horse,('horse' 'N'),RelatedTo,equine,5.252047219894353
horse,('horse' 'N'),RelatedTo,mammal,4.451516595498662
horse,('horse' 'N'),RelatedTo,saddle,4.32157378740662
horse,('horse' 'N'),RelatedTo,racing,4.239811316556434
horse,('horse' 'N'),RelatedTo,mane,4.175643662957844
horse,('horse' 'N'),RelatedTo,big,4.037821194654365
horse,('horse' 'N'),AtLocation,circus,4.0
horse,('horse' 'N'),AtLocation,stall,4.0
horse,('horse' 'N'),RelatedTo,donkey,3.859533650585262
horse,('horse' 'N'),RelatedTo,farm,3.8267479666160407
horse,('horse' 'N'),CapableOf,pull_cart,3.4641016151377544
horse,('horse' 'N'),AtLocation,equestrian_competition,2.82842712474619
horse,('horse' 'N'),AtLocation,canada,2.82842712474619
horse,('horse' 'N'),AtLocation,country,2.82842712474619
horse,('horse' 'N'),IsA,gymnastic_apparatus,2.0
horse,('horse' 'N'),IsA,equine,2.0
horse,('horse' 'N'),CapableOf,run_quickly,2.0
horse,('horse' 'N'),CapableOf,drink_water,2.0
horse,('horse' 'N'),CapableOf,carry_person,2.0
horse,('horse' 'N'),CapableOf,run_in_pasture,2.0
horse,('horse' 'N'),CapableOf,jump_fence,2.0
horse,('horse' 'N'),CapableOf,jump_barrier,2.0
horse,('horse' 'N'),AtLocation,farmyard,2.0
horse,('horse' 'N'),AtLocation,kentucky,2.0
horse,('horse' 'N'),AtLocation,a,2.0
horse,('horse' 'N'),AtLocation,movies,2.0
horse,('horse' 'N'),Desires,carrots,2.0
horse,('horse' 'N'),MannerOf,provide,2.0
horse,('horse' 'N'),IsA,ore,1.0
horse,('horse' 'N'),IsA,horse_of_course,1.0
horse,('horse' 'N'),IsA,animal,1.0
horse,('horse' 'N'),IsA,pack_animal,1.0
horse,('horse' 'N'),IsA,mammal,1.0
horse,('horse' 'N'),IsA,stronger_than_man,1.0
horse,('horse' 'N'),IsA,very_fast_animal,1.0
horse,('horse' 'N'),IsA,modern_animal,1.0
horse,('horse' 'N'),IsA,heavier_than_person,1.0
horse,('horse' 'N'),HasA,eyes,1.0
horse,('horse' 'N'),UsedFor,riding_on,1.0
horse,('horse' 'N'),UsedFor,ride_through_water,1.0
horse,('horse' 'N'),UsedFor,spread_alarm,1.0
horse,('horse' 'N'),UsedFor,breeding,1.0
horse,('horse' 'N'),UsedFor,companionship,1.0
horse,('horse' 'N'),UsedFor,haul_wagon,1.0
horse,('horse' 'N'),UsedFor,ride,1.0
horse,('horse' 'N'),UsedFor,riding_to_go_places,1.0
horse,('horse' 'N'),UsedFor,win_race,1.0
horse,('horse' 'N'),UsedFor,drag_plow,1.0
horse,('horse' 'N'),CapableOf,step_high,1.0
horse,('horse' 'N'),CapableOf,finish_race,1.0
horse,('horse' 'N'),CapableOf,win_race,1.0
horse,('horse' 'N'),CapableOf,walk_on_four_legs,1.0
horse,('horse' 'N'),HasProperty,majestic,1.0
horse,('horse' 'N'),HasProperty,white,1.0
horse,('horse' 'N'),HasProperty,larger_than_person,1.0
horse,('horse' 'N'),Desires,room_to_run,1.0
horse,('horse' 'N'),ReceivesAction,found_on_ranch,1.0
horse,('horse' 'N'),ReceivesAction,found_in_stall,1.0
horse,('horse' 'N'),ReceivesAction,found_on_farm,1.0
horse,('horse' 'N'),ReceivesAction,ridden,1.0
purse,('purse' 'N'),UsedFor,carry_money,2.82842712474619
purse,('purse' 'N'),AtLocation,handbag,2.82842712474619
purse,('purse' 'N'),IsA,sum,2.0
purse,('purse' 'N'),IsA,bag,2.0
purse,('purse' 'N'),UsedFor,carrying_money,2.0
purse,('purse' 'N'),CapableOf,hold_money,2.0
purse,('purse' 'N'),MannerOf,contract,2.0
purse,('purse' 'N'),MannerOf,round,2.0
purse,('purse' 'N'),RelatedTo,money,1.0
purse,('purse' 'N'),RelatedTo,bag,1.0
purse,('purse' 'N'),IsA,non_powered_device,1.0
purse,('purse' 'N'),IsA,gear,1.0
purse,('purse' 'N'),IsA,typically,1.0
purse,('purse' 'N'),IsA,small_bag_carried_bgy_women,1.0
purse,('purse' 'N'),IsA,baggage,1.0
purse,('purse' 'N'),IsA,handbag,1.0
purse,('purse' 'N'),HasA,money,1.0
purse,('purse' 'N'),UsedFor,carry_things,1.0
purse,('purse' 'N'),UsedFor,put_shit_in,1.0
purse,('purse' 'N'),UsedFor,store_makeup,1.0
purse,('purse' 'N'),UsedFor,hitting_over_head,1.0
purse,('purse' 'N'),UsedFor,putting_money_in,1.0
purse,('purse' 'N'),UsedFor,holding_cash,1.0
purse,('purse' 'N'),UsedFor,holding_makeup,1.0
purse,('purse' 'N'),UsedFor,carry_wallet,1.0
purse,('purse' 'N'),UsedFor,holding_personal_effects,1.0
purse,('purse' 'N'),CapableOf,store_money,1.0
purse,('purse' 'N'),CapableOf,hold_cosmetics,1.0
purse,('purse' 'N'),AtLocation,department_store,1.0
purse,('purse' 'N'),AtLocation,woman's_room,1.0
purse,('purse' 'N'),AtLocation,hanging_on_woman's_shoulder,1.0
purse,('purse' 'N'),AtLocation,house,1.0
purse,('purse' 'N'),AtLocation,hand,1.0
purse,('purse' 'N'),AtLocation,store,1.0
purse,('purse' 'N'),AtLocation,home,1.0
purse,('purse' 'N'),AtLocation,pocket,1.0
purse,('purse' 'N'),AtLocation,women's_accessory_store,1.0
purse,('purse' 'N'),AtLocation,robber's_cache,1.0
orthodontist,('orthodontist' 'N'),IsA,dentist,2.0
orthodontist,('orthodontist' 'N'),RelatedTo,orthodontic,1.0
orthodontist,('orthodontist' 'N'),RelatedTo,dentist,1.0
orthodontist,('orthodontist' 'N'),IsA,dentist,1.0
sea,('sea' 'N'),RelatedTo,ocean,7.861806408199072
sea,('sea' 'N'),RelatedTo,water,7.055494312945054
sea,('sea' 'N'),IsA,large_body_of_salt_water,4.0
sea,('sea' 'N'),UsedFor,sailing_on,3.4641016151377544
sea,('sea' 'N'),RelatedTo,body,3.3009089657244415
sea,('sea' 'N'),IsA,body_of_salt_water,2.82842712474619
sea,('sea' 'N'),UsedFor,swim_in,2.82842712474619
sea,('sea' 'N'),RelatedTo,small,2.755358415887123
sea,('sea' 'N'),RelatedTo,small_ocean,2.755358415887123
sea,('sea' 'N'),RelatedTo,water_body,2.2662744758744466
sea,('sea' 'N'),RelatedTo,salt,2.241428116179504
sea,('sea' 'N'),RelatedTo,blue,2.027806696901852
sea,('sea' 'N'),IsA,body_of_water,2.0
sea,('sea' 'N'),IsA,body_of_water,2.0
sea,('sea' 'N'),IsA,turbulent_flow,2.0
sea,('sea' 'N'),IsA,large_body_of_water,2.0
sea,('sea' 'N'),PartOf,hydrosphere,2.0
sea,('sea' 'N'),UsedFor,sailing,2.0
sea,('sea' 'N'),UsedFor,sailing_boats_in,2.0
sea,('sea' 'N'),AtLocation,ocean,2.0
sea,('sea' 'N'),HasProperty,full_of_water,2.0
sea,('sea' 'N'),HasProperty,wet,2.0
sea,('sea' 'N'),ReceivesAction,filled_with_water,2.0
sea,('sea' 'N'),RelatedTo,smaller,1.592
sea,('sea' 'N'),RelatedTo,salt_water,1.5550000000000002
sea,('sea' 'N'),RelatedTo,large,1.467
sea,('sea' 'N'),IsA,large_body_of_water,1.0
sea,('sea' 'N'),IsA,place,1.0
sea,('sea' 'N'),IsA,natural_inanimate_thing,1.0
sea,('sea' 'N'),HasA,seawater,1.0
sea,('sea' 'N'),HasA,salt,1.0
sea,('sea' 'N'),HasA,lot_of_liquid,1.0
sea,('sea' 'N'),UsedFor,swim,1.0
sea,('sea' 'N'),UsedFor,sail_boat,1.0
sea,('sea' 'N'),UsedFor,sail_ship,1.0
sea,('sea' 'N'),UsedFor,sea_life,1.0
sea,('sea' 'N'),UsedFor,flying_over,1.0
sea,('sea' 'N'),UsedFor,take_boat_ride,1.0
sea,('sea' 'N'),UsedFor,sea_animals_to_live_in,1.0
sea,('sea' 'N'),CapableOf,looks_green,1.0
sea,('sea' 'N'),CapableOf,appear_calm,1.0
sea,('sea' 'N'),CapableOf,appear_flat,1.0
sea,('sea' 'N'),AtLocation,great_outdoors,1.0
sea,('sea' 'N'),AtLocation,middle_east,1.0
sea,('sea' 'N'),AtLocation,land,1.0
sea,('sea' 'N'),AtLocation,earth,1.0
sea,('sea' 'N'),AtLocation,beach,1.0
sea,('sea' 'N'),HasProperty,water_with_salt,1.0
sea,('sea' 'N'),HasProperty,very_large,1.0
sea,('sea' 'N'),HasProperty,deep,1.0
sea,('sea' 'N'),MadeOf,water,1.0
aviation,('aviation' 'N'),IsA,collection,2.0
aviation,('aviation' 'N'),IsA,art,2.0
aviation,('aviation' 'N'),IsA,industry,2.0
aviation,('aviation' 'N'),RelatedTo,[],1.0
motel,('motel' 'N'),UsedFor,sleeping,3.4641016151377544
motel,('motel' 'N'),UsedFor,overnight_stay,2.82842712474619
motel,('motel' 'N'),IsA,motor_hotel,2.0
motel,('motel' 'N'),UsedFor,resting,2.0
motel,('motel' 'N'),RelatedTo,motor_court,1.0
motel,('motel' 'N'),RelatedTo,rates,1.0
motel,('motel' 'N'),RelatedTo,sexual,1.0
motel,('motel' 'N'),RelatedTo,low_cost,1.0
motel,('motel' 'N'),RelatedTo,tourist_court,1.0
motel,('motel' 'N'),RelatedTo,entrance,1.0
motel,('motel' 'N'),RelatedTo,facilitate,1.0
motel,('motel' 'N'),RelatedTo,convenient,1.0
motel,('motel' 'N'),RelatedTo,automobile,1.0
motel,('motel' 'N'),RelatedTo,illicit,1.0
motel,('motel' 'N'),RelatedTo,activities,1.0
motel,('motel' 'N'),IsA,place_to_stay,1.0
motel,('motel' 'N'),IsA,establishment,1.0
motel,('motel' 'N'),IsA,place,1.0
motel,('motel' 'N'),HasA,entrances_to_rooms_on_outside,1.0
motel,('motel' 'N'),UsedFor,inexpensive_vacations,1.0
motel,('motel' 'N'),UsedFor,place_to_rest_from_traveling,1.0
motel,('motel' 'N'),UsedFor,sleeping_and_bathing,1.0
motel,('motel' 'N'),UsedFor,relaxing,1.0
motel,('motel' 'N'),UsedFor,stay_overnight,1.0
motel,('motel' 'N'),UsedFor,travelers,1.0
motel,('motel' 'N'),UsedFor,overnight_stay_while_traveling,1.0
motel,('motel' 'N'),UsedFor,temporary_living_quarters,1.0
motel,('motel' 'N'),AtLocation,town,1.0
motel,('motel' 'N'),AtLocation,shower,1.0
motel,('motel' 'N'),AtLocation,area_of_airport,1.0
motel,('motel' 'N'),AtLocation,every_us_state,1.0
motel,('motel' 'N'),AtLocation,city_by_highway,1.0
motel,('motel' 'N'),AtLocation,country,1.0
motel,('motel' 'N'),AtLocation,major_city,1.0
motel,('motel' 'N'),AtLocation,las_vegas,1.0
belly,('belly' 'N'),RelatedTo,stomach,2.219909908081858
belly,('belly' 'N'),IsA,adipose_tissue,2.0
belly,('belly' 'N'),IsA,bulge,2.0
belly,('belly' 'N'),IsA,inside,2.0
belly,('belly' 'N'),IsA,underpart,2.0
belly,('belly' 'N'),PartOf,vertebrate,2.0
belly,('belly' 'N'),PartOf,torso,2.0
belly,('belly' 'N'),MannerOf,swell,2.0
belly,('belly' 'N'),RelatedTo,abdomen,1.0
belly,('belly' 'N'),RelatedTo,womb,1.0
belly,('belly' 'N'),RelatedTo,fill,1.0
belly,('belly' 'N'),RelatedTo,bulge,1.0
belly,('belly' 'N'),RelatedTo,bouk,1.0
belly,('belly' 'N'),IsA,musical_artist,0.5
belly,('belly' 'N'),IsA,album,0.5
mood,('mood' 'N'),IsA,grammatical_relation,2.0
mood,('mood' 'N'),RelatedTo,composure,1.0
mood,('mood' 'N'),RelatedTo,feeling,1.0
mood,('mood' 'N'),RelatedTo,disposition,1.0
mood,('mood' 'N'),HasProperty,dark,1.0
mood,('mood' 'N'),CausesDesire,smoke,1.0
racket,('racket' 'N'),IsA,enterprise,2.0
racket,('racket' 'N'),IsA,noise,2.0
racket,('racket' 'N'),IsA,sports_implement,2.0
racket,('racket' 'N'),MannerOf,hit,2.0
racket,('racket' 'N'),MannerOf,make_noise,2.0
racket,('racket' 'N'),RelatedTo,tennis,1.174
racket,('racket' 'N'),RelatedTo,swindle,1.0
racket,('racket' 'N'),RelatedTo,fraud,1.0
racket,('racket' 'N'),RelatedTo,badminton,1.0
racket,('racket' 'N'),IsA,single_user_device,1.0
racket,('racket' 'N'),IsA,sports_equipment,1.0
racket,('racket' 'N'),IsA,user_powered_device,1.0
racket,('racket' 'N'),IsA,user_guided_device,1.0
